macro,energy_hartree,relative_error,dE,grad_orb,grad_ci,ddm,max_rot,jk_this_macro,micro_this_macro,total_jk,total_micro,macro_step_wall_s,cumulative_macro_wall_s,cumulative_casscf_wall_s,cumulative_peak_rss_mb
1,-2.173442225399761,0.0008215928190888022,-2.173442225399761,1.795096104968205e-05,2.2299525449514355e-05,1.6966035100926943e-07,,5,1,0,0,355.5213520030011,355.5213520030011,510.1098983769989,13768.91796875
1,-2.173442240078165,0.0008215860711090385,-1.4678403825740816e-08,1.795096104968205e-05,2.2299525449514355e-05,2.656825396684615e-07,0.019220422489365546,5,1,5,1,131.45193324299908,486.97328524600016,641.561831619998,13768.91796875
2,-2.173442240078165,0.0008215860711090385,-1.4678403825740816e-08,1.6302661961912413e-05,6.133224748796239e-05,2.2786690888774622e-07,0.019220422489365546,6,1,5,1,280.1477179400026,767.1210031860028,921.7095495600006,13769.796875
2,-2.173442240078165,0.0008215860711090385,-1.4678403825740816e-08,1.6302661961912413e-05,1.799121093692761e-05,4.463765459369811e-07,0.019220422489365546,9,2,5,1,286.3490004129999,1053.4700035990027,1208.0585499730005,13770.7890625
2,-2.173442274695009,0.0008215701569969894,-3.461684405792198e-08,1.6302661961912413e-05,1.799121093692761e-05,9.695670047473579e-07,0.09756750971488533,9,2,14,3,131.54108695700415,1185.0110905560068,1339.5996369300046,13770.7890625
3,-2.173442274695009,0.0008215701569969894,-3.461684405792198e-08,2.1047821427225996e-05,4.7901884379875824e-05,1.6531748190118678e-07,0.09756750971488533,6,1,14,3,279.671258630995,1464.6823491870018,1619.2708955609996,13771.1484375
3,-2.1734422792883783,0.0008215680453257852,-4.5933692405242255e-09,2.1047821427225996e-05,4.7901884379875824e-05,2.9044588684334747e-07,0.05838598949969065,6,1,20,4,131.0951455100003,1595.777494697002,1750.366041071,13771.1484375
4,-2.1734422792883783,0.0008215680453257852,-4.5933692405242255e-09,1.527926623432922e-05,9.530257768795509e-05,1.6094538448629012e-07,0.05838598949969065,6,1,20,4,280.2216898629995,1875.9991845600016,2030.5877309339994,13771.1484375
4,-2.1734422792883783,0.0008215680453257852,-4.5933692405242255e-09,1.527926623432922e-05,7.961739770367085e-05,3.6979852182429787e-07,0.05838598949969065,11,2,20,4,286.5183620489988,2162.5175466090004,2317.1060929829982,13771.1484375
4,-2.1734422792883783,0.0008215680453257852,-4.5933692405242255e-09,1.527926623432922e-05,6.875319975384988e-05,5.082301371291091e-07,0.05838598949969065,16,3,20,4,286.8365542850006,2449.354100894001,2603.942647267999,13771.1484375
4,-2.1734422893936665,0.0008215633997062184,-1.0105288161810222e-08,1.527926623432922e-05,6.875319975384988e-05,1.127869317778625e-06,0.31065860754610536,21,4,41,8,230.5236044750054,2679.8777053690064,2834.4662517430042,13771.1484375
5,-2.1734422893936665,0.0008215633997062184,-1.0105288161810222e-08,1.2147105500555702e-05,4.101481871409492e-05,1.805157560560553e-07,0.31065860754610536,5,1,41,8,280.1382629609943,2960.0159683300008,3114.6045147039986,13771.1484375
5,-2.1734422893936665,0.0008215633997062184,-1.0105288161810222e-08,1.2147105500555702e-05,1.8526031052784735e-05,3.112771956031695e-07,0.31065860754610536,10,2,41,8,286.8499620280054,3246.865930358006,3401.454476732004,13771.1484375
5,-2.1734422893936665,0.0008215633997062184,-1.0105288161810222e-08,1.2147105500555702e-05,1.4246103308337071e-05,3.8336413753982705e-07,0.31065860754610536,15,3,41,8,286.5500636759971,3533.4159940340032,3688.004540408001,13771.1484375
5,-2.173442293461591,0.0008215615295932526,-4.067924663786471e-09,1.2147105500555702e-05,1.4246103308337071e-05,9.276306226495559e-07,0.18852646292082273,19,4,60,12,229.78996347099746,3763.2059575050007,3917.7945038789985,13771.1484375
6,-2.173442293461591,0.0008215615295932526,-4.067924663786471e-09,3.482722721171153e-06,3.2100981781812255e-05,2.6640566827318415e-08,0.18852646292082273,6,1,60,12,279.87461716700636,4043.080574672007,4197.669121046005,13771.1484375
6,-2.173442293461591,0.0008215615295932526,-4.067924663786471e-09,3.482722721171153e-06,4.375878006633657e-05,5.388510898455774e-08,0.18852646292082273,11,2,60,12,286.255076372996,4329.335651045003,4483.924197419001,13771.1484375
6,-2.173442293461591,0.0008215615295932526,-4.067924663786471e-09,3.482722721171153e-06,0.00014022356627532617,7.937864553115697e-08,0.18852646292082273,16,3,60,12,286.4315343650014,4615.7671854100045,4770.355731784002,13771.2578125
6,-2.1734422966687683,0.0008215600551845201,-3.207177190489574e-09,3.482722721171153e-06,0.00014022356627532617,3.6650925505239276e-07,0.21970201291965213,21,4,81,16,254.8741192000016,4870.641304610006,5025.229850984004,13771.2578125
7,-2.1734422966687683,0.0008215600551845201,-3.207177190489574e-09,1.5658960407304363e-06,0.0001618625202301232,2.4971477410708927e-08,0.21970201291965213,6,1,81,16,280.08736143699934,5150.728666047005,5305.317212421003,13771.2578125
7,-2.1734422966687683,0.0008215600551845201,-3.207177190489574e-09,1.5658960407304363e-06,0.00014625259837872142,7.226354379289329e-08,0.21970201291965213,11,2,81,16,286.59095633799734,5437.319622385003,5591.908168759001,13771.2578125
7,-2.1734422966687683,0.0008215600551845201,-3.207177190489574e-09,1.5658960407304363e-06,6.269791207852925e-05,1.1236945520783775e-07,0.21970201291965213,14,3,81,16,285.7411729989981,5723.060795384001,5877.649341757999,13771.2578125
7,-2.173442309295166,0.0008215542505563592,-1.2626397705162162e-08,1.5658960407304363e-06,6.269791207852925e-05,3.629782750694813e-07,0.2698275327316285,19,4,100,20,254.11153566900612,5977.172331053007,6131.760877427005,13771.2578125
8,-2.173442309295166,0.0008215542505563592,-1.2626397705162162e-08,9.533007034953329e-07,0.00010412753498937011,2.7136881170050105e-08,0.2698275327316285,6,1,100,20,279.7498498749992,6256.922180928006,6411.510727302004,13771.2578125
8,-2.173442309295166,0.0008215542505563592,-1.2626397705162162e-08,9.533007034953329e-07,9.032426135241589e-05,6.529917852381869e-08,0.2698275327316285,11,2,100,20,286.11521668599744,6543.037397614004,6697.625943988001,13771.2578125
8,-2.173442309295166,0.0008215542505563592,-1.2626397705162162e-08,9.533007034953329e-07,8.213237264969287e-05,1.0031485532464862e-07,0.2698275327316285,16,3,100,20,286.4307686730026,6829.468166287006,6984.056712661004,13771.2578125
8,-2.173442322933302,0.0008215479808102394,-1.363813595389729e-08,9.533007034953329e-07,8.213237264969287e-05,3.687189929613314e-07,0.30854947326083654,21,4,121,24,255.9546244939993,7085.4227907810055,7240.011337155003,13771.2578125
9,-2.173442322933302,0.0008215479808102394,-1.363813595389729e-08,4.5206334104254666e-07,7.461734415623463e-05,2.3608449533377738e-08,0.30854947326083654,6,1,121,24,280.1363447170006,7365.559135498006,7520.147681872004,13771.2578125
9,-2.173442322933302,0.0008215479808102394,-1.363813595389729e-08,4.5206334104254666e-07,8.796114808659735e-05,4.974504576285345e-08,0.30854947326083654,11,2,121,24,286.0579854539974,7651.6171209520035,7806.205667326001,13771.2578125
9,-2.173442322933302,0.0008215479808102394,-1.363813595389729e-08,4.5206334104254666e-07,7.7403686232843e-05,7.052037337299647e-08,0.30854947326083654,16,3,121,24,286.1186868320001,7937.735807784004,8092.324354158001,13771.2578125
9,-2.173442331630382,0.0008215439825744523,-8.697079945108044e-09,4.5206334104254666e-07,7.7403686232843e-05,2.5420884286687383e-07,0.2716932447005609,21,4,142,28,254.74831407400052,8192.484121858004,8347.072668232002,13771.2578125
10,-2.173442331630382,0.0008215439825744523,-8.697079945108044e-09,3.08084576447293e-07,7.41085834714712e-05,1.0414613670120324e-08,0.2716932447005609,6,1,142,28,279.65955360299995,8472.143675461004,8626.732221835002,13771.2578125
10,-2.173442331630382,0.0008215439825744523,-8.697079945108044e-09,3.08084576447293e-07,7.964921282798379e-05,2.422426517477801e-08,0.2716932447005609,11,2,142,28,285.59887603399693,8757.742551495001,8912.331097868999,13771.2578125
10,-2.173442331630382,0.0008215439825744523,-8.697079945108044e-09,3.08084576447293e-07,8.619983801378478e-05,3.913042062130059e-08,0.2716932447005609,16,3,142,28,285.72814807000395,9043.470699565005,9198.059245939003,13771.2578125
10,-2.17344233938855,0.0008215404159768496,-7.758167885896228e-09,3.08084576447293e-07,8.619983801378478e-05,1.833417046065194e-07,0.3079661775302912,21,4,163,32,254.8233074890013,9298.294007054006,9452.882553428004,13771.2578125
11,-2.17344233938855,0.0008215404159768496,-7.758167885896228e-09,2.55173434284856e-07,8.9472104022301e-05,1.0010351445383959e-08,0.3079661775302912,6,1,163,32,279.6107496859986,9577.904756740005,9732.493303114003,13771.2578125
11,-2.17344233938855,0.0008215404159768496,-7.758167885896228e-09,2.55173434284856e-07,7.642942552802258e-05,2.2128205731159863e-08,0.3079661775302912,11,2,163,32,286.1251099049987,9864.029866645003,10018.618413019001,13771.2578125
11,-2.17344233938855,0.0008215404159768496,-7.758167885896228e-09,2.55173434284856e-07,6.247422900160849e-05,3.43728178240513e-08,0.3079661775302912,16,3,163,32,286.0391869340019,10150.069053579005,10304.657599953003,13771.2578125
11,-2.173442346484707,0.0008215371537199739,-7.096156995345382e-09,2.55173434284856e-07,6.247422900160849e-05,1.5868431105887748e-07,0.3004531469162765,21,4,184,36,254.91891249699984,10404.987966076005,10559.576512450003,13771.2578125
12,-2.173442346484707,0.0008215371537199739,-7.096156995345382e-09,2.795985398811157e-07,1.593239725063155e-05,8.420763678363194e-09,0.3004531469162765,4,1,184,36,279.1942088200012,10684.182174896006,10838.770721270004,13771.2578125
12,-2.1734423467862762,0.0008215370150819806,-3.015694360897214e-10,2.795985398811157e-07,1.593239725063155e-05,4.5908684226796145e-08,0.019996955120976698,4,1,188,37,131.1353096229941,10815.317484519,10969.906030892998,13771.2578125
13,-2.1734423467862762,0.0008215370150819806,-3.015694360897214e-10,5.014697500037181e-07,8.681632201492136e-05,2.177078257118482e-08,0.019996955120976698,6,1,188,37,280.10338926999975,11095.420873789,11250.009420162998,13771.2578125
13,-2.1734423467862762,0.0008215370150819806,-3.015694360897214e-10,5.014697500037181e-07,2.513573897385267e-05,2.214178244527534e-08,0.019996955120976698,8,2,188,37,286.5485934610042,11381.969467250005,11536.558013624002,13771.2578125
13,-2.1734423467862762,0.0008215370150819806,-3.015694360897214e-10,5.014697500037181e-07,0.00010085913407078284,2.8760997286070897e-08,0.019996955120976698,13,3,188,37,286.2180317029997,11668.187498953004,11822.776045327002,13771.2578125
13,-2.1734423499952764,0.0008215355398351818,-3.2090001766960086e-09,5.014697500037181e-07,0.00010085913407078284,1.0589071159830863e-07,0.24463673334293992,18,4,206,41,279.4097933820012,11947.597292335005,12102.185838709003,13771.2578125
14,-2.1734423499952764,0.0008215355398351818,-3.2090001766960086e-09,3.093094141128698e-07,0.00011292226180098,6.9518986428628656e-09,0.24463673334293992,6,1,206,41,279.7639263809979,12227.361218716003,12381.949765090001,13771.2578125
14,-2.1734423499952764,0.0008215355398351818,-3.2090001766960086e-09,3.093094141128698e-07,9.049589720441868e-05,1.2359657015359885e-08,0.24463673334293992,11,2,206,41,285.82522792700183,12513.186446643005,12667.774993017003,13771.2578125
14,-2.1734423499952764,0.0008215355398351818,-3.2090001766960086e-09,3.093094141128698e-07,4.3097601869290976e-05,2.1582543438104848e-08,0.24463673334293992,16,3,206,41,285.7310192419973,12798.917465885002,12953.506012259,13771.2578125
14,-2.1734423541582015,0.0008215336260484533,-4.162925115736016e-09,3.093094141128698e-07,4.3097601869290976e-05,8.661820071558741e-08,0.23746243377321677,19,4,225,45,229.35283920200163,13028.270305087004,13182.858851461002,13771.2578125
15,-2.1734423541582015,0.0008215336260484533,-4.162925115736016e-09,4.3206910757910845e-07,1.558093558303789e-05,3.0682943091334665e-08,0.23746243377321677,4,1,225,45,280.92267377999815,13309.192978867002,13463.781525241,13771.2578125
15,-2.1734423542407426,0.0008215335881025309,-8.254108507799174e-11,4.3206910757910845e-07,1.558093558303789e-05,8.695235169123736e-08,0.019989187891440323,4,1,229,46,131.69787952600018,13440.890858393002,13595.479404767,13771.2578125
16,-2.1734423542407426,0.0008215335881025309,-8.254108507799174e-11,1.6126162798982438e-06,4.280025032661891e-05,2.8359507123495447e-08,0.019989187891440323,5,1,229,46,280.0369897670025,13720.927848160005,13875.516394534003,13771.2578125
16,-2.1734423542407426,0.0008215335881025309,-8.254108507799174e-11,1.6126162798982438e-06,1.8369055360310242e-05,6.350325043857576e-08,0.019989187891440323,8,2,229,46,285.5243713710006,14006.452219531006,14161.040765905003,13771.2578125
16,-2.17344235441781,0.0008215335067008858,-1.7706724975141697e-10,1.6126162798982438e-06,1.8369055360310242e-05,1.4360250888316105e-07,0.0629062418155648,8,2,237,48,131.42085433199827,14137.873073863004,14292.461620237002,13771.2578125
17,-2.17344235441781,0.0008215335067008858,-1.7706724975141697e-10,1.0685326327392626e-06,6.374504663855663e-05,2.094522648252974e-08,0.0629062418155648,6,1,237,48,280.24336221400154,14418.116436077005,14572.704982451003,13771.2578125
17,-2.17344235441781,0.0008215335067008858,-1.7706724975141697e-10,1.0685326327392626e-06,5.088044113402057e-05,3.7086675862021856e-08,0.0629062418155648,11,2,237,48,286.3786090809954,14704.495045158,14859.083591531999,13771.2578125
17,-2.17344235441781,0.0008215335067008858,-1.7706724975141697e-10,1.0685326327392626e-06,1.9038759095310474e-05,6.22875023204085e-08,0.0629062418155648,16,3,237,48,286.6858965310021,14991.180941689003,15145.769488063,13771.2578125
17,-2.173442354899081,0.0008215332854501857,-4.81271023033969e-10,1.0685326327392626e-06,1.9038759095310474e-05,7.491526817599854e-08,0.1624062081529898,21,4,258,52,229.87217954399966,15221.053121233002,15375.641667607,13771.2578125
18,-2.173442354899081,0.0008215332854501857,-4.81271023033969e-10,1.695996426047064e-06,9.567480582232689e-06,1.5701078812286536e-16,0.1624062081529898,6,1,258,52,200.907635141004,15421.960756374006,15576.549302748004,13771.2578125
18,-2.173442354899081,0.0008215332854501857,-4.81271023033969e-10,1.695996426047064e-06,1.0185036505780674e-05,2.249053973963317e-08,0.1624062081529898,8,2,258,52,286.0585094009948,15708.019265775001,15862.607812148999,13771.2578125
18,-2.173442354899081,0.0008215332854501857,-4.81271023033969e-10,1.695996426047064e-06,2.4370247941353792e-06,2.2490539739675063e-08,0.1624062081529898,13,3,258,52,206.79981301299995,15914.819078788001,16069.407625161999,13771.2578125
18,-2.1734423549157333,0.0008215332777946908,-1.6652457190957648e-11,1.695996426047064e-06,2.4370247941353792e-06,4.215972461547198e-08,0.018524261108452077,23,4,281,56,229.39412257500226,16144.213201363003,16298.801747737001,13771.2578125
19,-2.1734423549157333,0.0008215332777946908,-1.6652457190957648e-11,4.934421962905065e-07,1.743348367857782e-06,1.11024047168727e-16,0.018524261108452077,1,1,281,56,200.4474499670032,16344.660651330007,16499.249197704004,13771.2578125
19,-2.173442354915782,0.0008215332777722335,-4.884981308350689e-14,4.934421962905065e-07,1.743348367857782e-06,7.786435274261838e-09,0.0,1,1,282,57,131.5425147529968,16476.203166083003,16630.791712457,13771.2578125
20,-2.173442354915782,0.0008215332777722335,-4.884981308350689e-14,5.001698453895864e-07,9.80904830735602e-07,1.895535214973582e-19,0.0,1,1,282,57,199.67562648499734,16675.878792568,16830.467338942,13771.2578125
20,-2.1734423549157897,0.0008215332777687629,-7.549516567451064e-15,5.001698453895864e-07,9.80904830735602e-07,7.108940087630219e-16,0.0,1,1,283,58,106.41795540699968,16782.296747975,16936.885294349,13771.2578125
21,-2.1734423549157897,0.0008215332777687629,-7.549516567451064e-15,5.001698453905382e-07,9.809048307360525e-07,2.220455106973584e-16,0.0,1,1,283,58,200.11739552899962,16982.414143504,17137.002689877998,13771.2578125
21,-2.1734423549157897,0.0008215332777687629,0.0,5.001698453905382e-07,9.809048307360525e-07,1.1102236757473377e-16,0.0,1,1,284,59,106.58228632400278,17088.996429828003,17243.584976202,13771.2578125
22,-2.1734423549157897,0.0008215332777687629,0.0,5.001698453926676e-07,9.809048307360525e-07,1.110223798681601e-16,0.0,1,1,284,59,200.37752340699808,17289.373953235,17443.962499609,13771.2578125
22,-2.1734423549157897,0.0008215332777687629,0.0,5.001698453926676e-07,9.809048307360525e-07,1.5700933883451048e-16,0.0,1,1,285,60,106.6599182409991,17396.033871476,17550.622417849998,13771.2578125
23,-2.1734423549157897,0.0008215332777687629,0.0,5.001698453871134e-07,9.809048307360525e-07,1.5700935316361938e-16,0.0,1,1,285,60,200.1241154390009,17596.157986915,17750.746533289,13771.37109375
23,-2.1734423549157897,0.0008215332777687629,0.0,5.001698453871134e-07,9.809048307360525e-07,1.570093537512867e-16,0.0,1,1,286,61,106.89677554600348,17703.054762461004,17857.643308835002,13771.37109375
24,-2.1734423549157897,0.0008215332777687629,0.0,5.001698453921112e-07,9.809048307360525e-07,1.1102247641449996e-16,0.0,1,1,286,61,199.8594503150016,17902.914212776006,18057.502759150004,13771.37109375
24,-2.1734423549157897,0.0008215332777687629,0.0,5.001698453921112e-07,9.809048307360525e-07,6.251956885091276e-19,0.0,1,1,287,62,106.83378181599983,18009.747994592006,18164.336540966004,13771.37109375
25,-2.1734423549157897,0.0008215332777687629,0.0,5.001698453906533e-07,9.809048307360525e-07,6.539068393413971e-19,0.0,1,1,287,62,200.48235601899796,18210.230350611004,18364.818896985,13771.37109375
25,-2.1734423549157897,0.0008215332777687629,0.0,5.001698453906533e-07,9.809048307360525e-07,6.149788831958703e-19,0.0,1,1,288,63,106.73259307300032,18316.962943684004,18471.551490058002,13771.37109375
26,-2.1734423549157897,0.0008215332777687629,0.0,5.001698453905422e-07,9.809048307360525e-07,1.5701056570398044e-16,0.0,1,1,288,63,200.47491677699873,18517.437860461003,18672.026406835,13771.37109375
26,-2.1734423549157897,0.0008215332777687629,0.0,5.001698453905422e-07,9.809048307360525e-07,1.5701062245577572e-16,0.0,1,1,289,64,106.6237831660037,18624.061643627007,18778.650190001004,13771.37109375
27,-2.1734423549157897,0.0008215332777687629,0.0,5.001698453890966e-07,9.809048307360525e-07,1.5700964888004412e-16,0.0,1,1,289,64,200.15589325899782,18824.217536886004,18978.806083260002,13771.37109375
27,-2.1734423549157897,0.0008215332777687629,0.0,5.001698453890966e-07,9.809048307360525e-07,2.482565103300274e-16,0.0,1,1,290,65,107.28273678499681,18931.500273671,19086.088820045,13771.37109375
28,-2.1734423549157897,0.0008215332777687629,0.0,5.001698453908209e-07,9.809048307360525e-07,2.2204553502745137e-16,0.0,1,1,290,65,200.1381621150067,19131.638435786008,19286.226982160006,13771.37109375
28,-2.1734423549157897,0.0008215332777687629,0.0,5.001698453908209e-07,9.809048307360525e-07,2.482543836084197e-16,0.0,1,1,291,66,106.79639147598937,19238.434827261997,19393.023373635995,13771.37109375
29,-2.1734423549157897,0.0008215332777687629,0.0,5.001698453895997e-07,9.809048307360525e-07,1.570140649017163e-16,0.0,1,1,291,66,200.11508902300557,19438.549916285003,19593.138462659,13771.37109375
29,-2.1734423549157897,0.0008215332777687629,0.0,5.001698453895997e-07,9.809048307360525e-07,1.5701428780593165e-16,0.0,1,1,292,67,106.4323611370055,19544.98227742201,19699.570823796006,13771.37109375
30,-2.1734423549157897,0.0008215332777687629,0.0,5.001698453933581e-07,9.809048307360525e-07,8.405380562246254e-19,0.0,1,1,292,67,199.92337459999544,19744.905652022004,19899.494198396,13771.37109375
30,-2.1734423549157897,0.0008215332777687629,0.0,5.001698453933581e-07,9.809048307360525e-07,1.3554441041118757e-18,0.0,1,1,293,68,106.90983083400351,19851.815482856007,20006.404029230005,13771.37109375
31,-2.1734423549157897,0.0008215332777687629,0.0,5.001698453898018e-07,9.809048307360525e-07,2.392044284382842e-19,0.0,1,1,293,68,200.13146317099745,20051.946946027005,20206.535492401003,13771.37109375
31,-2.1734423549157897,0.0008215332777687629,0.0,5.001698453898018e-07,9.809048307360525e-07,6.7601023025620005e-19,0.0,1,1,294,69,107.76059182199242,20159.707537848997,20314.296084222995,13771.37109375
32,-2.1734423549157897,0.0008215332777687629,0.0,5.00169845390364e-07,9.809048307360525e-07,1.1722525252141575e-19,0.0,1,1,294,69,202.72425325401127,20362.43179110301,20517.020337477006,13771.37109375
32,-2.1734423549157897,0.0008215332777687629,0.0,5.00169845390364e-07,9.809048307360525e-07,1.1102424608159195e-16,0.0,1,1,295,70,109.01236381399212,20471.444154917,20626.032701291,13771.37109375
33,-2.1734423549157897,0.0008215332777687629,0.0,5.001698453900764e-07,9.809048307360525e-07,1.1102297220525022e-16,0.0,1,1,295,70,203.82081919300254,20675.264974110003,20829.853520484,13771.37109375
33,-2.1734423549157897,0.0008215332777687629,0.0,5.001698453900764e-07,9.809048307360525e-07,1.5700935549832972e-16,0.0,1,1,296,71,110.41842866099614,20785.683402771,20940.271949144997,13771.37109375
34,-2.1734423549157897,0.0008215332777687629,0.0,5.00169845390815e-07,9.809048307360525e-07,1.1508497331311272e-19,0.0,1,1,296,71,204.9280172370054,20990.611420008005,21145.199966382002,13771.37109375
34,-2.1734423549157897,0.0008215332777687629,0.0,5.00169845390815e-07,9.809048307360525e-07,1.1102417093443206e-16,0.0,1,1,297,72,111.0921269919927,21101.703546999997,21256.292093373995,13771.37109375
35,-2.1734423549157897,0.0008215332777687629,0.0,5.001698453920538e-07,9.809048307360525e-07,1.6791460639510947e-19,0.0,1,1,297,72,203.4483396680007,21305.151886667998,21459.740433041996,13771.37109375
35,-2.1734423549157897,0.0008215332777687629,0.0,5.001698453920538e-07,9.809048307360525e-07,1.9418355555746766e-19,0.0,1,1,298,73,109.88023812300526,21415.032124791003,21569.620671165,13771.37109375
36,-2.1734423549157897,0.0008215332777687629,0.0,5.001698453905986e-07,9.809048307360525e-07,6.197263139957254e-19,0.0,1,1,298,73,204.50548519000586,21619.53760998101,21774.126156355007,13771.37109375
36,-2.1734423549157897,0.0008215332777687629,0.0,5.001698453905986e-07,9.809048307360525e-07,1.842874620949349e-18,0.0,1,1,299,74,111.12722943299741,21730.664839414007,21885.253385788004,13771.37109375
37,-2.1734423549157897,0.0008215332777687629,0.0,5.001698453928914e-07,9.809048307360525e-07,1.1102424277153076e-16,0.0,1,1,299,74,205.86895201299922,21936.533791427006,22091.122337801004,13771.37109375
37,-2.1734423549157897,0.0008215332777687629,0.0,5.001698453928914e-07,9.809048307360525e-07,1.1103801517763443e-16,0.0,1,1,300,75,111.49649070699525,22048.030282134,22202.618828508,13771.37109375
38,-2.1734423549157897,0.0008215332777687629,0.0,5.001698453910154e-07,9.809048307360525e-07,1.1102932649252505e-16,0.0,1,1,300,75,205.7420742109971,22253.772356344998,22408.360902718996,13771.37109375
38,-2.1734423549157897,0.0008215332777687629,0.0,5.001698453910154e-07,9.809048307360525e-07,1.1102453561865351e-16,0.0,1,1,301,76,111.35883784999896,22365.131194194997,22519.719740568995,13771.37109375
39,-2.1734423549157897,0.0008215332777687629,0.0,5.001698453932236e-07,9.809048307360525e-07,1.110227578216576e-16,0.0,1,1,301,76,205.5548150040122,22570.68600919901,22725.274555573007,13771.37109375
39,-2.1734423549157897,0.0008215332777687629,0.0,5.001698453932236e-07,9.809048307360525e-07,1.5701106971514865e-16,0.0,1,1,302,77,109.42628421299742,22680.112293412007,22834.700839786005,13771.37109375
40,-2.1734423549157897,0.0008215332777687629,0.0,5.001698453911057e-07,9.809048307360525e-07,1.5701121189890423e-16,0.0,1,1,302,77,203.1297139639937,22883.242007376,23037.83055375,13771.37109375
40,-2.1734423549157897,0.0008215332777687629,0.0,5.001698453911057e-07,9.809048307360525e-07,1.5700957795520256e-16,0.0,1,1,303,78,109.30506587000855,22992.54707324601,23147.135619620007,13771.37109375
41,-2.1734423549157897,0.0008215332777687629,0.0,5.001698453902702e-07,9.809048307360525e-07,6.971801138434699e-19,0.0,1,1,303,78,203.167626259994,23195.714699506003,23350.30324588,13771.37109375
41,-2.1734423549157897,0.0008215332777687629,0.0,5.001698453902702e-07,9.809048307360525e-07,1.1102425509812698e-16,0.0,1,1,304,79,109.70649897999829,23305.421198486,23460.00974486,13771.37109375
42,-2.1734423549157897,0.0008215332777687629,0.0,5.001698453922371e-07,9.809048307360525e-07,1.1102284807460232e-16,0.0,1,1,304,79,203.3161600559979,23508.737358542,23663.325904915997,13771.37109375
42,-2.1734423549157897,0.0008215332777687629,0.0,5.001698453922371e-07,9.809048307360525e-07,2.2204488844746604e-16,0.0,1,1,305,80,109.54861125300522,23618.285969795004,23772.874516169002,13771.37109375
43,-2.1734423549157897,0.0008215332777687629,0.0,5.001698453900828e-07,9.809048307360525e-07,2.2204484045450056e-16,0.0,1,1,305,80,203.62805566600582,23821.91402546101,23976.502571835008,13771.37109375
43,-2.1734423549157897,0.0008215332777687629,0.0,5.001698453900828e-07,9.809048307360525e-07,1.570093515362753e-16,0.0,1,1,306,81,109.39001739998639,23931.304042860997,24085.892589234994,13771.37109375
44,-2.1734423549157897,0.0008215332777687629,0.0,5.001698453933148e-07,9.809048307360525e-07,6.409089220089054e-19,0.0,1,1,306,81,203.34413111000322,24134.648173971,24289.236720344998,13771.37109375
44,-2.1734423549157897,0.0008215332777687629,0.0,5.001698453933148e-07,9.809048307360525e-07,1.1102236320005713e-16,0.0,1,1,307,82,109.65543507599796,24244.303609046998,24398.892155420996,13771.37109375
45,-2.1734423549157897,0.0008215332777687629,0.0,5.001698453909196e-07,9.809048307360525e-07,3.2420505791831205e-19,0.0,1,1,307,82,203.3297637450014,24447.633372792,24602.221919165997,13771.37109375
45,-2.1734423549157897,0.0008215332777687629,0.0,5.001698453909196e-07,9.809048307360525e-07,6.168041283305807e-19,0.0,1,1,308,83,109.72595093700511,24557.359323729004,24711.947870103002,13771.37109375
46,-2.1734423549157897,0.0008215332777687629,0.0,5.001698453914955e-07,9.809048307360525e-07,1.1102422164938847e-16,0.0,1,1,308,83,202.8381245500059,24760.19744827901,24914.785994653008,13771.37109375
46,-2.1734423549157897,0.0008215332777687629,0.0,5.001698453914955e-07,9.809048307360525e-07,1.1102448298499808e-16,0.0,1,1,309,84,109.34946199398837,24869.546910273,25024.135456646996,13771.37109375
47,-2.1734423549157897,0.0008215332777687629,0.0,5.001698453909488e-07,9.809048307360525e-07,1.5700957582272065e-16,0.0,1,1,309,84,203.53702158700617,25073.083931860005,25227.672478234002,13771.37109375
47,-2.1734423549157897,0.0008215332777687629,0.0,5.001698453909488e-07,9.809048307360525e-07,1.1102407248760106e-16,0.0,1,1,310,85,109.55856267499621,25182.642494535,25337.231040909,13771.37109375
48,-2.1734423549157897,0.0008215332777687629,0.0,5.001698453912955e-07,9.809048307360525e-07,1.110227605937391e-16,0.0,1,1,310,85,204.08219394100888,25386.72468847601,25541.313234850008,13771.37109375
48,-2.1734423549157897,0.0008215332777687629,0.0,5.001698453912955e-07,9.809048307360525e-07,1.1102350819316082e-16,0.0,1,1,311,86,109.42488304300059,25496.14957151901,25650.738117893008,13771.37109375
49,-2.1734423549157897,0.0008215332777687629,0.0,5.001698453927376e-07,9.809048307360525e-07,1.1102257035665946e-16,0.0,1,1,311,86,203.07167665899033,25699.221248178,25853.809794552,13771.37109375
49,-2.1734423549157897,0.0008215332777687629,0.0,5.001698453927376e-07,9.809048307360525e-07,6.446317158842519e-19,0.0,1,1,312,87,109.35946914300439,25808.580717321005,25963.169263695003,13771.37109375
50,-2.1734423549157897,0.0008215332777687629,0.0,5.001698453917837e-07,9.809048307360525e-07,2.4825419168309684e-16,0.0,1,1,312,87,203.30355657299515,26011.884273894,26166.472820267998,13771.37109375
50,-2.1734423549157897,0.0008215332777687629,0.0,5.001698453917837e-07,9.809048307360525e-07,1.1102424421492487e-16,0.0,1,1,313,88,109.88298325199867,26121.767257146,26276.355803519997,13771.37109375
51,-2.1734423549157897,0.0008215332777687629,0.0,5.001698453907902e-07,9.809048307360525e-07,1.1102285269766567e-16,0.0,1,1,313,88,203.43099144300504,26325.198248589004,26479.786794963,13771.37109375
51,-2.1734423549157897,0.0008215332777687629,0.0,5.001698453907902e-07,9.809048307360525e-07,6.582385162445398e-19,0.0,1,1,314,89,110.26915908799856,26435.467407677002,26590.055954051,13771.37109375
52,-2.1734423549157897,0.0008215332777687629,0.0,5.001698453910362e-07,9.809048307360525e-07,1.5701055420821283e-16,0.0,1,1,314,89,205.6344857160002,26641.101893393003,26795.690439767,13771.37109375
52,-2.1734423549157897,0.0008215332777687629,0.0,5.001698453910362e-07,9.809048307360525e-07,7.116323979452865e-19,0.0,1,1,315,90,110.93595629000629,26752.03784968301,26906.626396057007,13771.37109375
53,-2.1734423549157897,0.0008215332777687629,0.0,5.001698453885253e-07,9.809048307360525e-07,1.1102339970302615e-16,0.0,1,1,315,90,203.52927416499006,26955.567123848,27110.155670221997,13771.37109375
53,-2.1734423549157897,0.0008215332777687629,0.0,5.001698453885253e-07,9.809048307360525e-07,1.110227694059115e-16,0.0,1,1,316,91,111.8462952710106,27067.41341911901,27222.001965493007,13771.37109375
54,-2.1734423549157897,0.0008215332777687629,0.0,5.001698453893973e-07,9.809048307360525e-07,1.5700935699603999e-16,0.0,1,1,316,91,206.99830565799493,27274.411724777005,27429.000271151002,13771.37109375
54,-2.1734423549157897,0.0008215332777687629,0.0,5.001698453893973e-07,9.809048307360525e-07,1.1102406568436685e-16,0.0,1,1,317,92,112.88857262999227,27387.300297406997,27541.888843780995,13771.37109375
55,-2.1734423549157897,0.0008215332777687629,0.0,5.001698453919781e-07,9.809048307360525e-07,1.1102965421355657e-16,0.0,1,1,317,92,206.18328166400897,27593.483579071006,27748.072125445004,13771.37109375
55,-2.1734423549157897,0.0008215332777687629,0.0,5.001698453919781e-07,9.809048307360525e-07,7.036095954144879e-19,0.0,1,1,318,93,111.01579352500266,27704.49937259601,27859.087918970006,13771.37109375
56,-2.1734423549157897,0.0008215332777687629,0.0,5.001698453898116e-07,9.809048307360525e-07,1.110250841912078e-16,0.0,1,1,318,93,205.53303364598833,27910.032406241997,28064.620952615995,13771.37109375
56,-2.1734423549157897,0.0008215332777687629,0.0,5.001698453898116e-07,9.809048307360525e-07,1.1508609682127005e-19,0.0,1,1,319,94,111.1990353900037,28021.231441632,28175.819988006,13771.37109375
57,-2.1734423549157897,0.0008215332777687629,0.0,5.001698453913335e-07,9.809048307360525e-07,1.1102424731695516e-16,0.0,1,1,319,94,205.52503757900558,28226.756479211006,28381.345025585004,13771.37109375
57,-2.1734423549157897,0.0008215332777687629,0.0,5.001698453913335e-07,9.809048307360525e-07,6.911320796798257e-19,0.0,1,1,320,95,110.01833498799533,28336.774814199,28491.363360573,13771.37109375
58,-2.1734423549157897,0.0008215332777687629,0.0,5.001698453913742e-07,9.809048307360525e-07,1.1102244734045673e-16,0.0,1,1,320,95,204.07035509400885,28540.84516929301,28695.433715667008,13771.37109375
58,-2.1734423549157897,0.0008215332777687629,0.0,5.001698453913742e-07,9.809048307360525e-07,1.1102953283970363e-16,0.0,1,1,321,96,110.51981785599492,28651.364987149005,28805.953533523003,13771.37109375
59,-2.1734423549157897,0.0008215332777687629,0.0,5.001698453928633e-07,9.809048307360525e-07,1.1102244243371074e-16,0.0,1,1,321,96,209.75702353499946,28861.122010684005,29015.710557058002,13771.37109375
59,-2.1734423549157897,0.0008215332777687629,0.0,5.001698453928633e-07,9.809048307360525e-07,1.570104683813414e-16,0.0,1,1,322,97,115.72222844799398,28976.844239132,29131.432785505996,13771.37109375
60,-2.1734423549157897,0.0008215332777687629,0.0,5.001698453923201e-07,9.809048307360525e-07,1.1102456019578578e-16,0.0,1,1,322,97,210.44871586200316,29187.292954994,29341.881501368,13771.37109375
60,-2.1734423549157897,0.0008215332777687629,0.0,5.001698453923201e-07,9.809048307360525e-07,1.110225632586922e-16,0.0,1,1,323,98,114.84278403200733,29302.13573902601,29456.724285400007,13771.37109375
61,-2.1734423549157897,0.0008215332777687629,0.0,5.001698453921772e-07,9.809048307360525e-07,2.800188463138102e-19,0.0,1,1,323,98,210.71886619499128,29512.854605221,29667.443151595,13771.37109375
61,-2.1734423549157897,0.0008215332777687629,0.0,5.001698453921772e-07,9.809048307360525e-07,1.110248767652057e-16,0.0,1,1,324,99,114.09554724799818,29626.950152469,29781.538698842996,13771.37109375
62,-2.1734423549157897,0.0008215332777687629,0.0,5.001698453891079e-07,9.809048307360525e-07,2.3997699851896737e-19,0.0,1,1,324,99,207.29974531500193,29834.249897784,29988.838444158,13771.37109375
62,-2.1734423549157897,0.0008215332777687629,0.0,5.001698453891079e-07,9.809048307360525e-07,1.1102455755406362e-16,0.0,1,1,325,100,111.48912186600501,29945.739019650006,30100.327566024003,13771.37109375
63,-2.1734423549157897,0.0008215332777687629,0.0,5.001698453925523e-07,9.809048307360525e-07,2.8245183849049655e-19,0.0,1,1,325,100,208.48878214000433,30154.22780179001,30308.816348164008,13771.37109375
63,-2.1734423549157897,0.0008215332777687629,0.0,5.001698453925523e-07,9.809048307360525e-07,6.281870260225916e-19,0.0,1,1,326,101,111.72102187699056,30265.948823667,30420.537370041,13771.37109375
64,-2.1734423549157897,0.0008215332777687629,0.0,5.001698453893494e-07,9.809048307360525e-07,1.5700986847288469e-16,0.0,1,1,326,101,207.5639418560022,30473.512765523003,30628.101311897,13771.37109375
64,-2.1734423549157897,0.0008215332777687629,0.0,5.001698453893494e-07,9.809048307360525e-07,1.2675156111430377e-18,0.0,1,1,327,102,112.70529994800745,30586.21806547101,30740.806611845008,13771.37109375
65,-2.1734423549157897,0.0008215332777687629,0.0,5.001698453911808e-07,9.809048307360525e-07,1.1102932263434503e-16,0.0,1,1,327,102,207.02364815899637,30793.241713630006,30947.830260004004,13771.37109375
65,-2.1734423549157897,0.0008215332777687629,0.0,5.001698453911808e-07,9.809048307360525e-07,1.1102244453214504e-16,0.0,1,1,328,103,111.35436718999699,30904.596080820003,31059.184627194,13771.37109375
66,-2.1734423549157897,0.0008215332777687629,0.0,5.001698453919144e-07,9.809048307360525e-07,6.430579290584196e-19,0.0,1,1,328,103,205.79438000300433,31110.390460823008,31264.979007197006,13771.37109375
66,-2.1734423549157897,0.0008215332777687629,0.0,5.001698453919144e-07,9.809048307360525e-07,1.1102424320265554e-16,0.0,1,1,329,104,113.04810905799968,31223.438569881007,31378.027116255005,13771.37109375
67,-2.1734423549157897,0.0008215332777687629,0.0,5.001698453926312e-07,9.809048307360525e-07,2.367244825673213e-19,0.0,1,1,329,104,211.10397282800113,31434.54254270901,31589.131089083006,13771.37109375
67,-2.1734423549157897,0.0008215332777687629,0.0,5.001698453926312e-07,9.809048307360525e-07,2.482565469229106e-16,0.0,1,1,330,105,116.33763430498948,31550.880177013998,31705.468723387996,13771.37109375
68,-2.1734423549157897,0.0008215332777687629,0.0,5.001698453915053e-07,9.809048307360525e-07,2.482602415530015e-16,0.0,1,1,330,105,213.4928852919984,31764.373062305996,31918.961608679994,13771.37109375
68,-2.1734423549157897,0.0008215332777687629,0.0,5.001698453915053e-07,9.809048307360525e-07,2.48254299438768e-16,0.0,1,1,331,106,119.92524182600027,31884.298304131997,32038.886850505995,13771.37109375
69,-2.1734423549157897,0.0008215332777687629,0.0,5.001698453898987e-07,9.809048307360525e-07,1.2710934430138216e-18,0.0,1,1,331,106,272.19375896500424,32156.492063097,32311.080609471,13771.37109375
69,-2.1734423549157897,0.0008215332777687629,0.0,5.001698453898987e-07,9.809048307360525e-07,1.1102459006803126e-16,0.0,1,1,332,107,125.03014724800596,32281.522210345007,32436.110756719005,13771.37109375
70,-2.1734423549157897,0.0008215332777687629,0.0,5.001698453915524e-07,9.809048307360525e-07,7.299379865222612e-19,0.0,1,1,332,107,279.46455603899085,32560.986766383998,32715.575312757996,13771.37109375
70,-2.1734423549157897,0.0008215332777687629,0.0,5.001698453915524e-07,9.809048307360525e-07,1.1102940847800977e-16,0.0,1,1,333,108,123.34773525901255,32684.33450164301,32838.92304801701,13771.37109375
71,-2.1734423549157897,0.0008215332777687629,0.0,5.001698453889908e-07,9.809048307360525e-07,2.2204559132948566e-16,0.0,1,1,333,108,275.7835672599904,32960.118068903,33114.706615277,13771.6640625
71,-2.1734423549157897,0.0008215332777687629,0.0,5.001698453889908e-07,9.809048307360525e-07,3.3306761717947925e-16,0.0,1,1,334,109,125.74137750700174,33085.85944641,33240.447992784,13771.6640625
72,-2.1734423549157897,0.0008215332777687629,0.0,5.001698453928379e-07,9.809048307360525e-07,2.2204462623422043e-16,0.0,1,1,334,109,278.281844808007,33364.14129121801,33518.72983759201,13771.6640625
72,-2.1734423549157897,0.0008215332777687629,0.0,5.001698453928379e-07,9.809048307360525e-07,1.5701413633884744e-16,0.0,1,1,335,110,124.33052802599559,33488.471819244005,33643.060365618,13771.6640625
73,-2.1734423549157897,0.0008215332777687629,0.0,5.001698453914289e-07,9.809048307360525e-07,1.570203525647189e-16,0.0,1,1,335,110,276.25424781499896,33764.726067059004,33919.314613433,13771.6640625
73,-2.1734423549157897,0.0008215332777687629,0.0,5.001698453914289e-07,9.809048307360525e-07,2.220452222898976e-16,0.0,1,1,336,111,123.32068112399429,33888.046748183,34042.635294556996,13771.6640625
74,-2.1734423549157897,0.0008215332777687629,0.0,5.001698453922727e-07,9.809048307360525e-07,1.1102933520813234e-16,0.0,1,1,336,111,212.847004071009,34100.89375225401,34255.482298628005,13771.6640625
74,-2.1734423549157897,0.0008215332777687629,0.0,5.001698453922727e-07,9.809048307360525e-07,1.1102930063784268e-16,0.0,1,1,337,112,116.37153063999722,34217.265282894004,34371.853829268,13771.6640625
75,-2.1734423549157897,0.0008215332777687629,0.0,5.001698453906686e-07,9.809048307360525e-07,6.258848333871768e-19,0.0,1,1,337,112,217.07091746499646,34434.336200359,34588.924746733,13771.6640625
75,-2.1734423549157897,0.0008215332777687629,0.0,5.001698453906686e-07,9.809048307360525e-07,1.570141579628856e-16,0.0,1,1,338,113,116.23409844799608,34550.570298807,34705.158845180995,13771.6640625
76,-2.1734423549157897,0.0008215332777687629,0.0,5.001698453914747e-07,9.809048307360525e-07,1.1102944301599631e-16,0.0,1,1,338,113,210.3963032169995,34760.966602024,34915.555148397994,13771.6640625
76,-2.1734423549157897,0.0008215332777687629,0.0,5.001698453914747e-07,9.809048307360525e-07,2.482534306174003e-16,0.0,1,1,339,114,115.65948653500527,34876.626088559,35031.214634933,13771.6640625
77,-2.1734423549157897,0.0008215332777687629,0.0,5.001698453888807e-07,9.809048307360525e-07,1.57010545791047e-16,0.0,1,1,339,114,230.69497214599687,35107.321060705,35261.909607079,13771.6640625
77,-2.1734423549157897,0.0008215332777687629,0.0,5.001698453888807e-07,9.809048307360525e-07,1.1102415283456683e-16,0.0,1,1,340,115,116.55197900200437,35223.873039707,35378.461586081,13771.6640625
78,-2.1734423549157897,0.0008215332777687629,0.0,5.001698453877082e-07,9.809048307360525e-07,1.11022461137641e-16,0.0,1,1,340,115,236.5955513020017,35460.468591009005,35615.057137383,13771.6640625
78,-2.1734423549157897,0.0008215332777687629,0.0,5.001698453877082e-07,9.809048307360525e-07,1.5701062241669717e-16,0.0,1,1,341,116,115.36124186399684,35575.829832873,35730.418379247,13771.6640625
79,-2.1734423549157897,0.0008215332777687629,0.0,5.001698453881386e-07,9.809048307360525e-07,6.405631762672545e-19,0.0,1,1,341,116,216.74215873499634,35792.571991608,35947.160537981996,13771.6640625
79,-2.1734423549157897,0.0008215332777687629,0.0,5.001698453881386e-07,9.809048307360525e-07,2.482542768008446e-16,0.0,1,1,342,117,115.34122042400122,35907.913212032,36062.501758406,13771.6640625
80,-2.1734423549157897,0.0008215332777687629,0.0,5.00169845390854e-07,9.809048307360525e-07,6.760064072489159e-19,0.0,1,1,342,117,230.5535058980022,36138.46671793,36293.055264304,13771.6640625
80,-2.1734423549157897,0.0008215332777687629,0.0,5.00169845390854e-07,9.809048307360525e-07,1.5700935320148843e-16,0.0,1,1,343,118,116.34918320800352,36254.815901138005,36409.404447512,13771.6640625
81,-2.1734423549157897,0.0008215332777687629,0.0,5.001698453875726e-07,9.809048307360525e-07,1.1102414661284517e-16,0.0,1,1,343,118,225.8779734879936,36480.693874626,36635.282420999996,13771.6640625
81,-2.1734423549157897,0.0008215332777687629,0.0,5.001698453875726e-07,9.809048307360525e-07,9.681593389197388e-20,0.0,1,1,344,119,117.09356901500723,36597.787443641006,36752.375990015,13771.6640625
82,-2.1734423549157897,0.0008215332777687629,0.0,5.001698453885177e-07,9.809048307360525e-07,1.1102414908953152e-16,0.0,1,1,344,119,221.93616220699914,36819.723605848005,36974.312152222,13771.6640625
82,-2.1734423549157897,0.0008215332777687629,0.0,5.001698453885177e-07,9.809048307360525e-07,2.2204473245755326e-16,0.0,1,1,345,120,116.83240741900227,36936.55601326701,37091.144559641005,13771.6640625
83,-2.1734423549157897,0.0008215332777687629,0.0,5.001698453886541e-07,9.809048307360525e-07,1.5700944976582002e-16,0.0,1,1,345,120,227.29288891599572,37163.848902183,37318.437448557,13771.6640625
83,-2.1734423549157897,0.0008215332777687629,0.0,5.001698453886541e-07,9.809048307360525e-07,6.535179830127351e-19,0.0,1,1,346,121,122.11351947100775,37285.96242165401,37440.55096802801,13771.6640625
84,-2.1734423549157897,0.0008215332777687629,0.0,5.001698453906616e-07,9.809048307360525e-07,1.570094831677006e-16,0.0,1,1,346,121,222.24580926899216,37508.208230923,37662.796777297,13771.6640625
84,-2.1734423549157897,0.0008215332777687629,0.0,5.001698453906616e-07,9.809048307360525e-07,1.1102256014269358e-16,0.0,1,1,347,122,117.02881392599375,37625.237044849,37779.825591222994,13771.6640625
85,-2.1734423549157897,0.0008215332777687629,0.0,5.001698453922572e-07,9.809048307360525e-07,1.5700927875456106e-16,0.0,1,1,347,122,220.80255923300865,37846.039604082005,38000.628150456,13771.7109375
85,-2.1734423549157897,0.0008215332777687629,0.0,5.001698453922572e-07,9.809048307360525e-07,1.8596490326161275e-19,0.0,1,1,348,123,120.57836977299303,37966.617973855,38121.206520228996,13771.7109375
86,-2.1734423549157897,0.0008215332777687629,0.0,5.001698453897702e-07,9.809048307360525e-07,3.2397820101586004e-19,0.0,1,1,348,123,227.53582259301038,38194.15379644801,38348.742342822006,13771.7109375
86,-2.1734423549157897,0.0008215332777687629,0.0,5.001698453897702e-07,9.809048307360525e-07,1.110224860495089e-16,0.0,1,1,349,124,119.59674066399748,38313.750537112006,38468.339083486004,13771.7109375
87,-2.1734423549157897,0.0008215332777687629,0.0,5.001698453939645e-07,9.809048307360525e-07,1.110241703185332e-16,0.0,1,1,349,124,231.40214098599972,38545.152678098006,38699.741224472,13771.7109375
87,-2.1734423549157897,0.0008215332777687629,0.0,5.001698453939645e-07,9.809048307360525e-07,1.5700942469040105e-16,0.0,1,1,350,125,118.98714213799394,38664.139820236,38818.72836661,13771.7109375
88,-2.1734423549157897,0.0008215332777687629,0.0,5.001698453940811e-07,9.809048307360525e-07,1.5700933011381713e-16,0.0,1,1,350,125,234.2187946490012,38898.358614885,39052.947161259,13771.7109375
88,-2.1734423549157897,0.0008215332777687629,0.0,5.001698453940811e-07,9.809048307360525e-07,6.925208740517967e-19,0.0,1,1,351,126,121.04073184200388,39019.399346727005,39173.987893101,13771.7109375
89,-2.1734423549157897,0.0008215332777687629,0.0,5.001698453903645e-07,9.809048307360525e-07,7.048118695585598e-19,0.0,1,1,351,126,220.38911127900064,39239.788458006005,39394.37700438,13771.7109375
89,-2.1734423549157897,0.0008215332777687629,0.0,5.001698453903645e-07,9.809048307360525e-07,1.5701121013944425e-16,0.0,1,1,352,127,118.41165049800475,39358.20010850401,39512.78865487801,13771.7109375
90,-2.1734423549157897,0.0008215332777687629,0.0,5.001698453918483e-07,9.809048307360525e-07,1.5701123345249638e-16,0.0,1,1,352,127,222.61798084399197,39580.818089348,39735.406635722,13771.7109375
90,-2.1734423549157897,0.0008215332777687629,0.0,5.001698453918483e-07,9.809048307360525e-07,1.1102926227268432e-16,0.0,1,1,353,128,119.34772258999874,39700.165811938,39854.754358312,13771.7109375
91,-2.1734423549157897,0.0008215332777687629,0.0,5.001698453901126e-07,9.809048307360525e-07,1.1103767283402824e-16,0.0,1,1,353,128,220.00324525000178,39920.169057188,40074.757603562,13771.7109375
91,-2.1734423549157897,0.0008215332777687629,0.0,5.001698453901126e-07,9.809048307360525e-07,1.1102914823323365e-16,0.0,1,1,354,129,118.96936883700255,40039.138426025005,40193.726972399,13771.7109375
92,-2.1734423549157897,0.0008215332777687629,0.0,5.001698453938992e-07,9.809048307360525e-07,1.1103767919604252e-16,0.0,1,1,354,129,233.76363020400458,40272.90205622901,40427.49060260301,13771.7109375
92,-2.1734423549157897,0.0008215332777687629,0.0,5.001698453938992e-07,9.809048307360525e-07,1.5701071936190218e-16,0.0,1,1,355,130,116.05629951298761,40388.958355742,40543.546902115995,13771.7109375
93,-2.1734423549157897,0.0008215332777687629,0.0,5.001698453900007e-07,9.809048307360525e-07,1.2403090242332484e-18,0.0,1,1,355,130,216.68870596399938,40605.647061706,40760.235608079995,13771.7109375
93,-2.1734423549157897,0.0008215332777687629,0.0,5.001698453900007e-07,9.809048307360525e-07,1.1102255955940524e-16,0.0,1,1,356,131,115.61585202701099,40721.26291373301,40875.851460107006,13771.7109375
94,-2.1734423549157897,0.0008215332777687629,0.0,5.001698453916654e-07,9.809048307360525e-07,1.5701054928968135e-16,0.0,1,1,356,131,221.22751794099167,40942.490431674,41097.078978048,13771.7109375
94,-2.1734423549157897,0.0008215332777687629,0.0,5.001698453916654e-07,9.809048307360525e-07,1.110224541426442e-16,0.0,1,1,357,132,116.8247990860109,41059.31523076001,41213.90377713401,13771.7109375
95,-2.1734423549157897,0.0008215332777687629,0.0,5.001698453913961e-07,9.809048307360525e-07,1.9635454449113116e-19,0.0,1,1,357,132,227.96634068699495,41287.281571447005,41441.870117821,13771.7109375
95,-2.1734423549157897,0.0008215332777687629,0.0,5.001698453913961e-07,9.809048307360525e-07,1.5701008192149898e-16,0.0,1,1,358,133,116.44300771200506,41403.72457915901,41558.31312553301,13771.7109375
96,-2.1734423549157897,0.0008215332777687629,0.0,5.001698453918999e-07,9.809048307360525e-07,1.5700935056472573e-16,0.0,1,1,358,133,222.84820621799736,41626.57278537701,41781.161331751005,13771.7109375
96,-2.1734423549157897,0.0008215332777687629,0.0,5.001698453918999e-07,9.809048307360525e-07,1.1102469141422139e-16,0.0,1,1,359,134,119.43480007599283,41746.007585453,41900.596131827,13771.7109375
97,-2.1734423549157897,0.0008215332777687629,0.0,5.001698453898589e-07,9.809048307360525e-07,1.2330983327291276e-18,0.0,1,1,359,134,223.72425500799727,41969.731840461,42124.320386834996,13771.7109375
97,-2.1734423549157897,0.0008215332777687629,0.0,5.001698453898589e-07,9.809048307360525e-07,6.393836300034666e-19,0.0,1,1,360,135,116.50735670600261,42086.239197167,42240.827743541,13771.7109375
98,-2.1734423549157897,0.0008215332777687629,0.0,5.001698453903778e-07,9.809048307360525e-07,1.5701052737919723e-16,0.0,1,1,360,135,223.34134772401012,42309.58054489101,42464.16909126501,13772.19921875
98,-2.1734423549157897,0.0008215332777687629,0.0,5.001698453903778e-07,9.809048307360525e-07,6.978821787928828e-19,0.0,1,1,361,136,119.0377652199968,42428.61831011101,42583.206856485005,13772.19921875
99,-2.1734423549157897,0.0008215332777687629,0.0,5.001698453894854e-07,9.809048307360525e-07,1.1102425538403945e-16,0.0,1,1,361,136,220.7957540389907,42649.41406415,42804.002610523996,13772.19921875
99,-2.1734423549157897,0.0008215332777687629,0.0,5.001698453894854e-07,9.809048307360525e-07,3.238281289938183e-19,0.0,1,1,362,137,118.68388319099904,42768.097947341,42922.686493714995,13772.19921875
100,-2.1734423549157897,0.0008215332777687629,0.0,5.00169845388821e-07,9.809048307360525e-07,1.2682806984027662e-18,0.0,1,1,362,137,216.57638931401016,42984.67433665501,43139.262883029005,13772.19921875
100,-2.1734423549157897,0.0008215332777687629,0.0,5.00169845388821e-07,9.809048307360525e-07,1.1102235383786325e-16,0.0,1,1,363,138,114.37346031599736,43099.047796971005,43253.636343345,13772.19921875
