sampleID,kappa,inner,epsilon,M,Mzero,Mone,Mtwo_ud,Mtwo_uu,Mthree,E,err,Ezero,Eone,Etwo_ud,Etwo_uu,Ethree,kept,solverResidual,assemblyTime,solveTime,importanceTime,blockEnergyTime,growTime,saveTime,totalInnerTimeNoSave,totalInnerTimeWithSave,cumulativeTime,nImportant,scoreMax,scoreMinNonzero,nGrowRaw,nNewM,nAdded,nnzS,nnzH,sparseGB_est,basisFile
1,1,1,0.5,690,1,239,156,180,114,-7.47164056283564,0.00641943716436355,-6.82817231820201,-1.24144129604233,0.584343586626936,0.00981324229362848,0.00381622248816487,690,2.37396861100921e-15,52.9963112,0.0733013,0.0017168,0.0116923,0.0148857,0.3142223,53.1006618,53.4148841,53.1027765,1,0.998458242841088,5.52199371485472e-06,691,690,0,449532,476100,0.0138032883405685,JH_LiGround_Table59_basis_byM_nu13_M690_sample0001_kappa1_inner1_M690.mat
2,2,1,0.25,690,1,239,156,180,114,-7.47164056283564,0.00641943716436355,-6.82817231820201,-1.24144129604233,0.584343586626936,0.00981324229362848,0.00381622248816487,690,2.37396861100921e-15,50.0886361,0.0634627,0.0010531,0.011301,0.0145181,0.3200027,50.1814564,50.5014591,103.9093323,1,0.998458242841088,5.52199371485472e-06,691,690,0,449532,476100,0.0138032883405685,JH_LiGround_Table59_basis_byM_nu13_M690_sample0002_kappa2_inner1_M690.mat
3,3,1,0.125,690,1,239,156,180,114,-7.47164056283564,0.00641943716436355,-6.82817231820201,-1.24144129604233,0.584343586626936,0.00981324229362848,0.00381622248816487,690,2.37396861100921e-15,49.3888222,0.0667241,0.0010088,0.0092189,0.0140511,0.314543,49.4822027,49.7967457,154.0209289,1,0.998458242841088,5.52199371485472e-06,691,690,0,449532,476100,0.0138032883405685,JH_LiGround_Table59_basis_byM_nu13_M690_sample0003_kappa3_inner1_M690.mat
4,4,1,0.0625,690,1,239,156,180,114,-7.47164056283564,0.00641943716436355,-6.82817231820201,-1.24144129604233,0.584343586626936,0.00981324229362848,0.00381622248816487,690,2.37396861100921e-15,48.796062,0.0678554,0.001201,0.0098216,0.014516,0.3298474,48.8930822,49.2229296,203.5323037,1,0.998458242841088,5.52199371485472e-06,691,690,0,449532,476100,0.0138032883405685,JH_LiGround_Table59_basis_byM_nu13_M690_sample0004_kappa4_inner1_M690.mat
5,5,1,0.03125,690,1,239,156,180,114,-7.47164056283564,0.00641943716436355,-6.82817231820201,-1.24144129604233,0.584343586626936,0.00981324229362848,0.00381622248816487,690,2.37396861100921e-15,50.5874058,0.0700719,0.0033883,0.0137687,0.0504223,0.3262422,50.7301445,51.0563867,254.9119031,3,0.998458242841088,5.52199371485472e-06,730,714,24,449532,476100,0.0138032883405685,JH_LiGround_Table59_basis_byM_nu13_M690_sample0005_kappa5_inner1_M690.mat
6,5,2,0.03125,714,1,239,180,180,114,-7.4731690101709,0.00489098982909564,-6.14917589186365,-2.61652865135301,1.27775122645523,0.027894759055685,-0.0131104524651448,714,2.15235273320274e-15,51.2472908,0.0692333,0.0009172,0.0084659,0.0256471,0.3174028,51.3540244,51.6714272,306.5969994,4,0.998403209949159,2.12612778040106e-05,767,714,0,483228,509796,0.014807865023613,JH_LiGround_Table59_basis_byM_nu13_M690_sample0006_kappa5_inner2_M714.mat
7,6,1,0.015625,714,1,239,180,180,114,-7.4731690101709,0.00489098982909564,-6.14917589186365,-2.61652865135301,1.27775122645523,0.027894759055685,-0.0131104524651448,714,2.15235273320274e-15,51.7285152,0.0715592,0.0008173,0.008573,0.0286798,0.3277936,51.8398512,52.1676448,359.0816203,5,0.998403209949159,2.12612778040106e-05,793,738,24,483228,509796,0.014807865023613,JH_LiGround_Table59_basis_byM_nu13_M690_sample0007_kappa6_inner1_M714.mat
8,6,2,0.015625,738,1,239,204,180,114,-7.47329220498458,0.00476779501542435,-6.14820996843867,-2.59933070408972,1.25883425632128,0.0160009752138587,-0.000586763991387396,738,5.675819985388e-15,52.9918315,0.0775922,0.0008442,0.009922,0.0254152,0.3299554,53.1072553,53.4372107,412.5195285,5,0.998370758480536,4.11420603829929e-06,817,738,0,518076,544644,0.015846773982048,JH_LiGround_Table59_basis_byM_nu13_M690_sample0008_kappa6_inner2_M738.mat
9,7,1,0.0078125,738,1,239,204,180,114,-7.47329220498458,0.00476779501542435,-6.14820996843867,-2.59933070408972,1.25883425632128,0.0160009752138587,-0.000586763991387396,738,5.675819985388e-15,52.9651413,0.0799661,0.0008029,0.0096138,0.2151596,0.3624044,53.2724344,53.6348388,466.4441037,54,0.998370758480536,4.11420603829929e-06,1838,1461,723,518076,544644,0.015846773982048,JH_LiGround_Table59_basis_byM_nu13_M690_sample0009_kappa7_inner1_M738.mat
10,7,2,0.0078125,1461,1,299,762,285,114,-7.47580360129795,0.00225639870205097,-5.5201039270255,-3.80765605667964,1.8437738317435,0.00439640571050401,0.00378614495320176,1461,3.1791148424044e-15,142.3010829,0.4875766,0.0018561,0.0359221,0.2459711,0.5118531,143.0747423,143.5865954,609.8842465,60,0.998184868155126,9.10013147469095e-15,2741,1739,278,2088411,2125167,0.0628089904785156,JH_LiGround_Table59_basis_byM_nu13_M690_sample0010_kappa7_inner2_M1461.mat
11,7,3,0.0078125,1739,1,299,1040,285,114,-7.47581921090882,0.00224078909117686,-5.51795112121385,-3.80705639945973,1.84140922076773,0.00392364784788644,0.00385544114913721,1739,1.79924023748204e-15,160.9779243,0.7588262,0.0025094,0.0487548,0.0989804,0.5866445,161.8896196,162.4762641,772.2943503,29,0.998181447105801,1.91212490138456e-15,2213,1739,0,2975203,3013759,0.0892684161663055,JH_LiGround_Table59_basis_byM_nu13_M690_sample0011_kappa7_inner3_M1739.mat
12,8,1,0.00390625,1739,1,299,1040,285,114,-7.47581921090882,0.00224078909117686,-5.51795112121385,-3.80705639945973,1.84140922076773,0.00392364784788644,0.00385544114913721,1739,1.79924023748204e-15,157.2497668,0.7241566,0.002914,0.0485419,0.401947,0.6303395,158.4301514,159.0604909,931.8916702,114,0.998181447105801,1.91212490138456e-15,4141,2503,764,2975203,3013759,0.0892684161663055,JH_LiGround_Table59_basis_byM_nu13_M690_sample0012_kappa8_inner1_M1739.mat
13,8,2,0.00390625,2503,1,395,1406,587,114,-7.47614562714817,0.00191437285182516,-5.51860734203277,-3.81518493155104,1.85328650696581,0.000583003841815449,0.00377713562804419,2503,4.10057732177003e-15,319.5605948,2.1081548,0.0049022,0.0996945,0.5455005,0.8065449,322.3221436,323.1286885,1254.8544744,156,0.99816462347337,1.24475099414383e-14,6027,3244,741,6196279,6251767,0.18552765250206,JH_LiGround_Table59_basis_byM_nu13_M690_sample0013_kappa8_inner2_M2503.mat
14,8,3,0.00390625,3244,1,395,2054,680,114,-7.47648385157364,0.00157614842635834,-5.76565856165068,-3.33085402421517,1.62462895750044,-0.00849017658754605,0.00388995337931526,3244,3.72974806750382e-15,465.5525678,4.3289602,0.0078934,0.1720213,0.4486888,0.9942436,470.5146461,471.5088897,1726.1969607,132,0.998163716715791,1.05034767878638e-15,6144,3244,0,10438432,10501552,0.312078431248665,JH_LiGround_Table59_basis_byM_nu13_M690_sample0014_kappa8_inner3_M3244.mat
15,9,1,0.001953125,3244,1,395,2054,680,114,-7.47648385157364,0.00157614842635834,-5.76565856165068,-3.33085402421517,1.62462895750044,-0.00849017658754605,0.00388995337931526,3244,3.72974806750382e-15,487.1528839,4.3569384,0.0074311,0.1664847,1.2419282,1.0726152,492.9304513,494.0030665,2221.1438011,324,0.998163716715791,1.05034767878638e-15,10986,5939,2695,10438432,10501552,0.312078431248665,JH_LiGround_Table59_basis_byM_nu13_M690_sample0015_kappa9_inner1_M3244.mat
16,9,2,0.001953125,5939,1,451,4522,680,285,-7.47674560540522,0.00131439459478422,-5.83321014620527,-3.21510159180315,1.57454112143229,-0.0102526001617531,0.0072776113326278,5939,5.73255900017633e-15,1198.9017476,32.0247918,0.0259051,0.5695229,1.8702398,2.0110476,1233.3994696,1235.4105172,3455.6500228,472,0.998143770405165,2.97388964450339e-16,17385,8590,2651,35082415,35217823,1.04764369130135,JH_LiGround_Table59_basis_byM_nu13_M690_sample0016_kappa9_inner2_M5939.mat
17,9,3,0.001953125,8590,1,487,6570,1247,285,-7.47680830890868,0.00125169109132006,-5.84675456246664,-3.1676149719206,1.53927621833262,-0.00985104892847881,0.0081360560743281,8590,1.35146575267835e-14,2195.6668884,79.2182844,0.0518399,1.1538192,2.3105921,2.7242209,2278.411133,2281.1353539,5736.1710088,618,0.998137184992649,2.29793048388513e-14,23610,10992,2402,73452244,73684804,2.19264088571072,JH_LiGround_Table59_basis_byM_nu13_M690_sample0017_kappa9_inner3_M8590.mat
18,10,1,0.0009765625,10992,1,535,7952,2219,285,-7.47682471416008,0.00123528583992449,-5.83696759645837,-3.17595486356622,1.54506930931024,-0.0181031358726364,0.009131572427093,10991,1.89388109944546e-10,3356.822468,160.6800142,0.0821843,1.7776754,6.3959508,3.5831874,3525.7714721,3529.3546595,9268.2060263,1693,0.998133036555359,1.2085800307259e-14,52665,26640,15648,120159576,120632832,3.58825029432774,JH_LiGround_Table59_basis_byM_nu13_M690_sample0018_kappa10_inner1_M10992.mat
