sampleID,kappa,inner,epsilon,M,Mzero,Mone,Mtwo_ud,E,err,Ezero,Eone,Etwo_ud,kept,solverMethod,solverResidual,assemblyTime,solveTime,importanceTime,blockEnergyTime,growTime,saveTime,totalInnerTimeNoSave,totalInnerTimeWithSave,cumulativeTime,nImportant,scoreMax,scoreMinNonzero,nGrowRaw,nNewM,nAdded,nnzS,nnzH,sparseGB_est,basisFile
1,1,1,0.5,310,1,198,111,-2.89750603026714,0.00621834676698274,-2.56466764444074,-0.629039597746896,0.296201211920506,310,projected-full-eig-direct,8.23538144429248e-17,36.4241454,0.1079642,0.0082793,0.0062129,0.028041,0.3013402,36.5850514,36.8863916,36.5858906,1,0.996652992125016,4.91699299324928e-05,311,310,0,96100,96100,0.00286863744258881,JH_He_Table51_basis_byM_sample0001_kappa1_inner1_M310.mat
2,2,1,0.25,310,1,198,111,-2.89750603026714,0.00621834676698274,-2.56466764444074,-0.629039597746896,0.296201211920506,310,projected-full-eig-direct,8.23538144429248e-17,3.2434032,0.0213034,0.0013057,0.002447,0.0089465,0.1574046,3.2826069,3.4400115,40.4238744,1,0.996652992125016,4.91699299324928e-05,311,310,0,96100,96100,0.00286863744258881,JH_He_Table51_basis_byM_sample0002_kappa2_inner1_M310.mat
3,3,1,0.125,310,1,198,111,-2.89750603026714,0.00621834676698274,-2.56466764444074,-0.629039597746896,0.296201211920506,310,projected-full-eig-direct,8.23538144429248e-17,3.2490936,0.0182997,0.0011082,0.0048802,0.0076906,0.1465869,3.2845231,3.43111,44.0332199,1,0.996652992125016,4.91699299324928e-05,311,310,0,96100,96100,0.00286863744258881,JH_He_Table51_basis_byM_sample0003_kappa3_inner1_M310.mat
4,4,1,0.0625,310,1,198,111,-2.89750603026714,0.00621834676698274,-2.56466764444074,-0.629039597746896,0.296201211920506,310,projected-full-eig-direct,8.23538144429248e-17,3.1663939,0.0196529,0.00101,0.0016396,0.098391,0.1723455,3.2902269,3.4625724,47.6342165,2,0.996652992125016,4.91699299324928e-05,337,335,25,96100,96100,0.00286863744258881,JH_He_Table51_basis_byM_sample0004_kappa4_inner1_M310.mat
5,4,2,0.0625,335,1,198,136,-2.89967512291905,0.00404925411507406,-2.28857192387895,-1.17236487457408,0.56126167553398,334,projected-full-eig-direct,8.42623112815431e-17,3.5847011,0.0559352,0.0028026,0.0015191,0.0149174,0.1694726,3.6671926,3.8366652,51.4763612,1,0.996258858287731,5.7316438028257e-05,336,335,0,112225,112225,0.00334957242012024,JH_He_Table51_basis_byM_sample0005_kappa4_inner2_M335.mat
6,5,1,0.03125,335,1,198,136,-2.89967512291905,0.00404925411507406,-2.28857192387895,-1.17236487457408,0.56126167553398,334,projected-full-eig-direct,8.42623112815431e-17,3.2754056,0.0222106,0.0006791,0.0016133,0.0317457,0.2040977,3.3338338,3.5379315,55.1469803,3,0.996258858287731,5.7316438028257e-05,362,361,26,112225,112225,0.00334957242012024,JH_He_Table51_basis_byM_sample0006_kappa5_inner1_M335.mat
7,5,2,0.03125,361,1,224,136,-2.89967512291905,0.00404925411507318,-2.28857192387846,-1.1723648745746,0.56126167553401,334,projected-full-eig-direct,8.85580842730583e-17,4.3465297,0.0265516,0.0012135,0.0026278,0.0129164,0.2501328,4.3935004,4.6436332,59.7458036,1,0.996258858287731,5.73164380290446e-05,362,361,0,130321,130321,0.00388926267623901,JH_He_Table51_basis_byM_sample0007_kappa5_inner2_M361.mat
8,6,1,0.015625,361,1,224,136,-2.89967512291905,0.00404925411507318,-2.28857192387846,-1.1723648745746,0.56126167553401,334,projected-full-eig-direct,8.85580842730583e-17,4.8506522,0.021633,0.0004961,0.0025494,0.2687207,0.3009472,5.1457908,5.446738,65.4309294,11,0.996258858287731,5.73164380290446e-05,546,487,126,130321,130321,0.00388926267623901,JH_He_Table51_basis_byM_sample0008_kappa6_inner1_M361.mat
9,6,2,0.015625,487,1,224,262,-2.90088483746582,0.00283953956829919,-2.26363325327063,-1.2736261478641,0.636374563668908,454,projected-full-eig-direct,5.17454411052849e-17,6.3607438,0.052557,0.001072,0.0032307,0.2838995,0.271531,6.7036069,6.9751379,72.4365968,17,0.995999083816547,1.74421620809381e-05,828,685,198,237169,237169,0.00707545876502991,JH_He_Table51_basis_byM_sample0009_kappa6_inner2_M487.mat
10,6,3,0.015625,685,1,224,460,-2.90179943060975,0.00192494642436758,-1.91574100185569,-1.99894892158237,1.01289049282831,652,projected-full-eig-direct,9.46565864081616e-17,8.3324915,0.1146706,0.0010143,0.0077061,0.3041262,0.3000854,8.7622124,9.0622978,81.4718458,31,0.996024735912847,5.63837908177382e-05,1054,781,96,469225,469225,0.0139942169189453,JH_He_Table51_basis_byM_sample0010_kappa6_inner3_M685.mat
11,6,4,0.015625,781,1,320,460,-2.90183408954593,0.00189028748818476,-1.86076238117968,-2.04537549933285,1.00430379096659,712,projected-full-eig-direct,7.46972745453023e-17,11.5266671,0.1528148,0.0020713,0.0096884,0.3017105,0.3430926,11.9954289,12.3385215,93.7711405,31,0.996022683558102,3.05436154165046e-05,1150,781,0,609961,609961,0.0181899070739746,JH_He_Table51_basis_byM_sample0011_kappa6_inner4_M781.mat
12,7,1,0.0078125,781,1,320,460,-2.90183408954593,0.00189028748818476,-1.86076238117968,-2.04537549933285,1.00430379096659,712,projected-full-eig-direct,7.46972745453023e-17,11.7580281,0.1496503,0.0012391,0.0111376,0.6077873,0.3369558,12.530815,12.8677708,106.9590455,49,0.996022683558102,3.05436154165046e-05,1570,907,126,609961,609961,0.0181899070739746,JH_He_Table51_basis_byM_sample0012_kappa7_inner1_M781.mat
13,7,2,0.0078125,907,1,320,586,-2.90232163502982,0.00140274200429547,-2.02995956120529,-1.72571012795737,0.853348054132844,832,projected-full-eig-direct,3.09771687950422e-17,14.4458851,0.1815086,0.001936,0.0115805,0.5216332,0.3669745,15.1651293,15.5321038,122.4640225,43,0.996034630974601,8.59883933215169e-06,1564,907,0,822649,822649,0.0245303809642792,JH_He_Table51_basis_byM_sample0013_kappa7_inner2_M907.mat
14,8,1,0.00390625,907,1,320,586,-2.90232163502982,0.00140274200429547,-2.02995956120529,-1.72571012795737,0.853348054132844,832,projected-full-eig-direct,3.09771687950422e-17,15.1901972,0.1870551,0.0018703,0.0135706,1.991443,0.4112249,17.3871897,17.7984146,140.5662544,139,0.996034630974601,8.59883933215169e-06,3460,1867,960,822649,822649,0.0245303809642792,JH_He_Table51_basis_byM_sample0014_kappa8_inner1_M907.mat
15,8,2,0.00390625,1867,1,416,1450,-2.90271518459393,0.00100919244018893,-1.90832865444847,-1.97459564587636,0.980209115730919,1744,projected-full-eig-direct,5.097616362456e-17,49.8160037,0.9702189,0.0051988,0.0342022,0.935329,0.5569425,51.7652348,52.3221773,192.744849,93,0.995982090296881,3.92794625381998e-06,3392,2091,224,3485689,3485689,0.103909462690353,JH_He_Table51_basis_byM_sample0015_kappa8_inner2_M1867.mat
16,8,3,0.00390625,2091,1,416,1674,-2.90274587006583,0.00097850696828683,-1.935779453052,-1.9219572375844,0.954990820570544,1960,projected-full-eig-direct,5.00359384506176e-17,62.2374794,1.1676754,0.005991,0.04366,0.6320205,0.5394381,64.0923789,64.631817,257.401112,79,0.995979044614104,2.23385179236444e-05,3276,2091,0,4372281,4372281,0.130335301160812,JH_He_Table51_basis_byM_sample0016_kappa8_inner3_M2091.mat
17,9,1,0.001953125,2091,1,416,1674,-2.90274587006583,0.00097850696828683,-1.935779453052,-1.9219572375844,0.954990820570544,1960,projected-full-eig-direct,5.00359384506176e-17,57.4301115,1.4655772,0.0068445,0.0612502,5.0158803,1.1814028,63.9835322,65.164935,322.5030799,293,0.995979044614104,2.23385179236444e-05,7280,3539,1448,4372281,4372281,0.130335301160812,JH_He_Table51_basis_byM_sample0017_kappa9_inner1_M2091.mat
18,9,2,0.001953125,3539,1,960,2578,-2.9028565875189,0.000867789515219375,-1.85668397087939,-2.06241249030536,1.01623987366584,3380,projected-full-eig-direct,4.11711662237637e-17,228.380134,5.8459773,0.0110883,0.1013159,2.3586166,0.9873486,236.7066059,237.6939545,560.4009631,289,0.995964391795413,8.2385912879763e-06,8528,4087,548,12524521,12524521,0.373312562704086,JH_He_Table51_basis_byM_sample0018_kappa9_inner2_M3539.mat
19,9,3,0.001953125,4087,1,1072,3014,-2.90286118033744,0.000863196696679225,-1.84951505295989,-2.07709108385494,1.02374495647739,3882,projected-standard-shift-invert(-2.9040147),1.25804064220059e-17,311.7153416,7.9279399,0.0209055,0.2204184,3.3752491,1.1064263,323.2672804,324.3737067,884.6764657,253,0.995963454415343,1.2680269770798e-06,8332,4087,0,16703569,16703569,0.497866064310074,JH_He_Table51_basis_byM_sample0019_kappa9_inner3_M4087.mat
